"Item1","Item2","order","ratType","cond","block"
"0104.jpg","0221.jpg",1,"rate_v","vv",1
"0153.jpg","0211.jpg",1,"rate_v","pv",1
"0015.jpg","0153.jpg",1,"rate_v","pv",1
"0116.jpg","0211.jpg",2,"rate_v","pv",1
"0116.jpg","0293.jpg",2,"rate_p","0p",1
"0145.jpg","0153.jpg",2,"rate_p","0p",1
"0104.jpg","0334.jpg",3,"rate_v","pv",1
"0116.jpg","0238.jpg",3,"rate_p","0p",1
"0293.jpg","0547.jpg",3,"rate_v","0v",1
"0117.jpg","0293.jpg",4,"rate_p","vp",1
"0145.jpg","0334.jpg",4,"rate_v","vv",1
"0153.jpg","0293.jpg",4,"rate_p","0p",1
"0117.jpg","0238.jpg",5,"rate_p","0p",1
"0016.jpg","0145.jpg",5,"rate_p","0p",1
"0002.jpg","0117.jpg",5,"rate_p","0p",1
"0002.jpg","0145.jpg",6,"rate_p","vp",1
"0117.jpg","0293.jpg",6,"rate_p","pp",1
"0022.jpg","0238.jpg",6,"rate_p","0p",1
"0211.jpg","0547.jpg",7,"rate_p","vp",1
"0016.jpg","0293.jpg",7,"rate_p","pp",1
"0002.jpg","0116.jpg",7,"rate_v","pv",1
"0094.jpg","0293.jpg",8,"rate_v","vv",1
"0104.jpg","0285.jpg",8,"rate_p","0p",1
"0232.jpg","0334.jpg",8,"rate_p","0p",1
"0238.jpg","0547.jpg",9,"rate_v","pv",1
"0116.jpg","0117.jpg",9,"rate_v","0v",1
"0117.jpg","0221.jpg",9,"rate_v","0v",1
"0002.jpg","0117.jpg",10,"rate_p","vp",1
"0232.jpg","0547.jpg",10,"rate_p","pp",1
"0094.jpg","0238.jpg",10,"rate_v","pv",1
"0002.jpg","0238.jpg",11,"rate_p","vp",1
"0238.jpg","0334.jpg",11,"rate_v","pv",1
"0002.jpg","0015.jpg",11,"rate_p","0p",1
"0145.jpg","0334.jpg",12,"rate_v","pv",1
"0022.jpg","0116.jpg",12,"rate_v","pv",1
"0022.jpg","0221.jpg",12,"rate_v","0v",1
"0016.jpg","0117.jpg",13,"rate_p","pp",1
"0015.jpg","0145.jpg",13,"rate_p","pp",1
"0094.jpg","0285.jpg",13,"rate_v","0v",1
"0211.jpg","0232.jpg",14,"rate_v","vv",1
"0002.jpg","0094.jpg",14,"rate_p","pp",1
"0015.jpg","0116.jpg",14,"rate_v","pv",1
"0145.jpg","0285.jpg",15,"rate_p","vp",1
"0221.jpg","0232.jpg",15,"rate_v","vv",1
"0117.jpg","0145.jpg",15,"rate_p","0p",1
"0153.jpg","0293.jpg",16,"rate_p","vp",1
"0211.jpg","0547.jpg",16,"rate_p","pp",1
"0211.jpg","0221.jpg",16,"rate_v","pv",1
"0117.jpg","0238.jpg",17,"rate_p","pp",1
"0117.jpg","0153.jpg",17,"rate_p","pp",1
"0002.jpg","0104.jpg",17,"rate_p","0p",1
"0015.jpg","0238.jpg",18,"rate_p","pp",2
"0015.jpg","0547.jpg",18,"rate_v","pv",2
"0117.jpg","0153.jpg",18,"rate_p","0p",2
"0232.jpg","0238.jpg",19,"rate_v","vv",2
"0116.jpg","0334.jpg",19,"rate_p","pp",2
"0022.jpg","0094.jpg",19,"rate_p","0p",2
"0015.jpg","0285.jpg",20,"rate_p","vp",2
"0117.jpg","0285.jpg",20,"rate_p","pp",2
"0104.jpg","0145.jpg",20,"rate_v","0v",2
"0094.jpg","0211.jpg",21,"rate_p","vp",2
"0104.jpg","0293.jpg",21,"rate_v","vv",2
"0104.jpg","0293.jpg",21,"rate_v","0v",2
"0153.jpg","0285.jpg",22,"rate_v","vv",2
"0232.jpg","0285.jpg",22,"rate_v","vv",2
"0016.jpg","0232.jpg",22,"rate_v","pv",2
"0094.jpg","0145.jpg",23,"rate_p","vp",2
"0094.jpg","0116.jpg",23,"rate_p","vp",2
"0016.jpg","0211.jpg",23,"rate_v","vv",2
"0016.jpg","0022.jpg",24,"rate_v","vv",2
"0015.jpg","0117.jpg",24,"rate_v","pv",2
"0015.jpg","0285.jpg",24,"rate_p","0p",2
"0015.jpg","0232.jpg",25,"rate_v","vv",2
"0022.jpg","0221.jpg",25,"rate_v","pv",2
"0015.jpg","0016.jpg",25,"rate_v","0v",2
"0153.jpg","0547.jpg",26,"rate_p","vp",2
"0153.jpg","0211.jpg",26,"rate_v","0v",2
"0221.jpg","0232.jpg",26,"rate_v","0v",2
"0145.jpg","0232.jpg",27,"rate_v","vv",2
"0116.jpg","0285.jpg",27,"rate_v","vv",2
"0015.jpg","0117.jpg",27,"rate_v","0v",2
"0232.jpg","0547.jpg",28,"rate_p","vp",2
"0211.jpg","0293.jpg",28,"rate_p","pp",2
"0094.jpg","0334.jpg",28,"rate_p","0p",2
"0221.jpg","0293.jpg",29,"rate_p","vp",2
"0232.jpg","0334.jpg",29,"rate_p","vp",2
"0104.jpg","0211.jpg",29,"rate_v","0v",2
"0117.jpg","0334.jpg",30,"rate_p","vp",2
"0002.jpg","0116.jpg",30,"rate_v","vv",2
"0116.jpg","0153.jpg",30,"rate_v","vv",2
"0117.jpg","0232.jpg",31,"rate_v","vv",2
"0022.jpg","0094.jpg",31,"rate_p","pp",2
"0002.jpg","0211.jpg",31,"rate_v","pv",2
"0016.jpg","0293.jpg",32,"rate_p","vp",2
"0002.jpg","0016.jpg",32,"rate_p","pp",2
"0211.jpg","0238.jpg",32,"rate_p","0p",2
"0016.jpg","0145.jpg",33,"rate_p","vp",2
"0117.jpg","0153.jpg",33,"rate_p","vp",2
"0016.jpg","0547.jpg",33,"rate_v","vv",2
"0016.jpg","0285.jpg",34,"rate_v","vv",2
"0022.jpg","0153.jpg",34,"rate_v","pv",2
"0145.jpg","0293.jpg",34,"rate_p","0p",2
"0211.jpg","0232.jpg",35,"rate_v","pv",3
"0116.jpg","0232.jpg",35,"rate_v","pv",3
"0116.jpg","0145.jpg",35,"rate_p","0p",3
"0002.jpg","0211.jpg",36,"rate_v","vv",3
"0094.jpg","0117.jpg",36,"rate_v","vv",3
"0153.jpg","0238.jpg",36,"rate_v","pv",3
"0015.jpg","0334.jpg",37,"rate_p","vp",3
"0022.jpg","0334.jpg",37,"rate_p","pp",3
"0221.jpg","0238.jpg",37,"rate_p","pp",3
"0022.jpg","0293.jpg",38,"rate_v","vv",3
"0002.jpg","0547.jpg",38,"rate_v","pv",3
"0094.jpg","0293.jpg",38,"rate_v","0v",3
"0094.jpg","0232.jpg",39,"rate_p","pp",3
"0153.jpg","0334.jpg",39,"rate_v","pv",3
"0238.jpg","0547.jpg",39,"rate_v","0v",3
"0015.jpg","0238.jpg",40,"rate_p","vp",3
"0221.jpg","0293.jpg",40,"rate_p","pp",3
"0153.jpg","0547.jpg",40,"rate_p","0p",3
"0002.jpg","0238.jpg",41,"rate_p","0p",3
"0022.jpg","0547.jpg",41,"rate_p","0p",3
"0002.jpg","0221.jpg",41,"rate_v","0v",3
"0153.jpg","0211.jpg",42,"rate_v","vv",3
"0015.jpg","0547.jpg",42,"rate_v","vv",3
"0117.jpg","0334.jpg",42,"rate_p","pp",3
"0116.jpg","0293.jpg",43,"rate_p","vp",3
"0232.jpg","0285.jpg",43,"rate_v","pv",3
"0002.jpg","0145.jpg",43,"rate_p","0p",3
"0116.jpg","0117.jpg",44,"rate_v","pv",3
"0022.jpg","0232.jpg",44,"rate_v","0v",3
"0094.jpg","0238.jpg",44,"rate_v","0v",3
"0145.jpg","0293.jpg",45,"rate_p","pp",3
"0016.jpg","0238.jpg",45,"rate_v","pv",3
"0022.jpg","0145.jpg",45,"rate_v","pv",3
"0094.jpg","0547.jpg",46,"rate_p","vp",3
"0145.jpg","0547.jpg",46,"rate_p","pp",3
"0232.jpg","0547.jpg",46,"rate_p","0p",3
"0104.jpg","0547.jpg",47,"rate_v","vv",3
"0022.jpg","0104.jpg",47,"rate_p","0p",3
"0232.jpg","0238.jpg",47,"rate_v","0v",3
"0022.jpg","0211.jpg",48,"rate_v","vv",3
"0104.jpg","0285.jpg",48,"rate_p","pp",3
"0016.jpg","0238.jpg",48,"rate_v","0v",3
"0016.jpg","0117.jpg",49,"rate_p","vp",3
"0094.jpg","0293.jpg",49,"rate_v","pv",3
"0015.jpg","0221.jpg",49,"rate_v","pv",3
"0104.jpg","0117.jpg",50,"rate_p","pp",3
"0094.jpg","0334.jpg",50,"rate_p","pp",3
"0117.jpg","0293.jpg",50,"rate_p","0p",3
"0232.jpg","0293.jpg",51,"rate_p","pp",3
"0117.jpg","0232.jpg",51,"rate_v","pv",3
"0104.jpg","0238.jpg",51,"rate_v","pv",3
"0334.jpg","0547.jpg",52,"rate_p","vp",4
"0116.jpg","0547.jpg",52,"rate_v","vv",4
"0015.jpg","0116.jpg",52,"rate_v","vv",4
"0285.jpg","0293.jpg",53,"rate_p","vp",4
"0002.jpg","0221.jpg",53,"rate_v","vv",4
"0094.jpg","0221.jpg",53,"rate_p","pp",4
"0104.jpg","0153.jpg",54,"rate_p","pp",4
"0015.jpg","0022.jpg",54,"rate_v","pv",4
"0211.jpg","0547.jpg",54,"rate_p","0p",4
"0153.jpg","0238.jpg",55,"rate_v","vv",4
"0293.jpg","0547.jpg",55,"rate_v","pv",4
"0016.jpg","0094.jpg",55,"rate_v","pv",4
"0015.jpg","0293.jpg",56,"rate_p","pp",4
"0145.jpg","0232.jpg",56,"rate_v","pv",4
"0015.jpg","0022.jpg",56,"rate_v","0v",4
"0104.jpg","0293.jpg",57,"rate_v","pv",4
"0104.jpg","0232.jpg",57,"rate_v","pv",4
"0015.jpg","0293.jpg",57,"rate_p","0p",4
"0002.jpg","0285.jpg",58,"rate_p","vp",4
"0104.jpg","0211.jpg",58,"rate_v","pv",4
"0015.jpg","0094.jpg",58,"rate_v","0v",4
"0153.jpg","0232.jpg",59,"rate_p","vp",4
"0211.jpg","0285.jpg",59,"rate_v","vv",4
"0211.jpg","0334.jpg",59,"rate_v","vv",4
"0238.jpg","0547.jpg",60,"rate_v","vv",4
"0002.jpg","0015.jpg",60,"rate_p","pp",4
"0002.jpg","0334.jpg",60,"rate_v","0v",4
"0293.jpg","0334.jpg",61,"rate_p","vp",4
"0232.jpg","0293.jpg",61,"rate_p","0p",4
"0116.jpg","0153.jpg",61,"rate_v","0v",4
"0238.jpg","0293.jpg",62,"rate_p","vp",4
"0002.jpg","0238.jpg",62,"rate_p","pp",4
"0016.jpg","0104.jpg",62,"rate_p","0p",4
"0153.jpg","0334.jpg",63,"rate_v","vv",4
"0022.jpg","0232.jpg",63,"rate_v","pv",4
"0094.jpg","0116.jpg",63,"rate_p","0p",4
"0211.jpg","0285.jpg",64,"rate_v","pv",4
"0016.jpg","0022.jpg",64,"rate_v","pv",4
"0293.jpg","0334.jpg",64,"rate_p","0p",4
"0022.jpg","0232.jpg",65,"rate_v","vv",4
"0145.jpg","0232.jpg",65,"rate_v","0v",4
"0238.jpg","0334.jpg",65,"rate_v","0v",4
"0221.jpg","0334.jpg",66,"rate_p","vp",4
"0116.jpg","0117.jpg",66,"rate_v","vv",4
"0016.jpg","0153.jpg",66,"rate_v","pv",4
"0116.jpg","0232.jpg",67,"rate_v","vv",4
"0016.jpg","0293.jpg",67,"rate_p","0p",4
"0285.jpg","0334.jpg",67,"rate_v","0v",4
"0016.jpg","0116.jpg",68,"rate_v","pv",4
"0002.jpg","0285.jpg",68,"rate_p","0p",4
"0221.jpg","0238.jpg",68,"rate_p","0p",4
"0232.jpg","0293.jpg",69,"rate_p","vp",5
"0015.jpg","0211.jpg",69,"rate_p","pp",5
"0016.jpg","0104.jpg",69,"rate_p","pp",5
"0104.jpg","0334.jpg",70,"rate_v","vv",5
"0221.jpg","0547.jpg",70,"rate_p","pp",5
"0153.jpg","0285.jpg",70,"rate_v","pv",5
"0002.jpg","0016.jpg",71,"rate_p","vp",5
"0117.jpg","0221.jpg",71,"rate_v","vv",5
"0145.jpg","0285.jpg",71,"rate_p","0p",5
"0116.jpg","0221.jpg",72,"rate_p","0p",5
"0016.jpg","0117.jpg",72,"rate_p","0p",5
"0002.jpg","0547.jpg",72,"rate_v","0v",5
"0104.jpg","0116.jpg",73,"rate_p","vp",5
"0094.jpg","0547.jpg",73,"rate_p","0p",5
"0016.jpg","0334.jpg",73,"rate_p","0p",5
"0145.jpg","0221.jpg",74,"rate_p","pp",5
"0002.jpg","0232.jpg",74,"rate_p","0p",5
"0015.jpg","0153.jpg",74,"rate_v","0v",5
"0015.jpg","0016.jpg",75,"rate_v","vv",5
"0022.jpg","0145.jpg",75,"rate_v","vv",5
"0015.jpg","0016.jpg",75,"rate_v","pv",5
"0153.jpg","0221.jpg",76,"rate_v","vp",5
"0094.jpg","0145.jpg",76,"rate_p","pp",5
"0015.jpg","0116.jpg",76,"rate_v","0v",5
"0145.jpg","0547.jpg",77,"rate_p","vp",5
"0211.jpg","0334.jpg",77,"rate_v","pv",5
"0016.jpg","0547.jpg",77,"rate_v","pv",5
"0211.jpg","0238.jpg",78,"rate_p","vp",5
"0022.jpg","0117.jpg",78,"rate_p","vp",5
"0116.jpg","0285.jpg",78,"rate_v","pv",5
"0015.jpg","0117.jpg",79,"rate_v","vv",5
"0094.jpg","0238.jpg",79,"rate_v","vv",5
"0221.jpg","0547.jpg",79,"rate_p","0p",5
"0094.jpg","0211.jpg",80,"rate_p","0p",5
"0211.jpg","0232.jpg",80,"rate_v","0v",5
"0104.jpg","0232.jpg",80,"rate_v","0v",5
"0117.jpg","0547.jpg",81,"rate_p","pp",5
"0015.jpg","0334.jpg",81,"rate_p","pp",5
"0094.jpg","0285.jpg",81,"rate_v","pv",5
"0094.jpg","0104.jpg",82,"rate_p","vp",5
"0015.jpg","0145.jpg",82,"rate_p","0p",5
"0145.jpg","0334.jpg",82,"rate_v","0v",5
"0015.jpg","0293.jpg",83,"rate_p","vp",5
"0211.jpg","0221.jpg",83,"rate_v","vv",5
"0094.jpg","0153.jpg",83,"rate_v","vv",5
"0015.jpg","0022.jpg",84,"rate_v","vv",5
"0232.jpg","0238.jpg",84,"rate_v","pv",5
"0145.jpg","0211.jpg",84,"rate_v","0v",5
"0117.jpg","0547.jpg",85,"rate_p","vp",5
"0145.jpg","0238.jpg",85,"rate_p","0p",5
"0104.jpg","0334.jpg",85,"rate_v","0v",5
"0016.jpg","0232.jpg",86,"rate_v","vv",6
"0002.jpg","0293.jpg",86,"rate_v","vv",6
"0117.jpg","0334.jpg",86,"rate_p","0p",6
"0094.jpg","0221.jpg",87,"rate_p","vp",6
"0016.jpg","0285.jpg",87,"rate_v","0v",6
"0022.jpg","0145.jpg",87,"rate_v","0v",6
"0104.jpg","0153.jpg",88,"rate_p","vp",6
"0116.jpg","0211.jpg",88,"rate_v","vv",6
"0022.jpg","0104.jpg",88,"rate_p","pp",6
"0116.jpg","0221.jpg",89,"rate_p","vp",6
"0016.jpg","0221.jpg",89,"rate_v","pv",6
"0104.jpg","0153.jpg",89,"rate_p","0p",6
"0015.jpg","0238.jpg",90,"rate_p","0p",6
"0002.jpg","0094.jpg",90,"rate_p","0p",6
"0094.jpg","0232.jpg",90,"rate_p","0p",6
"0022.jpg","0153.jpg",91,"rate_v","0v",6
"0117.jpg","0232.jpg",91,"rate_v","0v",6
"0116.jpg","0547.jpg",91,"rate_v","0v",6
"0221.jpg","0238.jpg",92,"rate_p","vp",6
"0116.jpg","0221.jpg",92,"rate_p","pp",6
"0238.jpg","0285.jpg",92,"rate_v","0v",6
"0293.jpg","0547.jpg",93,"rate_v","vv",6
"0002.jpg","0022.jpg",93,"rate_p","0p",6
"0016.jpg","0153.jpg",93,"rate_v","0v",6
"0104.jpg","0117.jpg",94,"rate_p","vp",6
"0016.jpg","0145.jpg",94,"rate_p","pp",6
"0104.jpg","0117.jpg",94,"rate_p","0p",6
"0104.jpg","0116.jpg",95,"rate_p","pp",6
"0022.jpg","0293.jpg",95,"rate_v","pv",6
"0002.jpg","0211.jpg",95,"rate_v","0v",6
"0022.jpg","0116.jpg",96,"rate_v","vv",6
"0016.jpg","0094.jpg",96,"rate_v","vv",6
"0016.jpg","0211.jpg",96,"rate_v","0v",6
"0022.jpg","0334.jpg",97,"rate_p","vp",6
"0238.jpg","0334.jpg",97,"rate_v","vv",6
"0015.jpg","0232.jpg",97,"rate_v","0v",6
"0015.jpg","0153.jpg",98,"rate_v","vv",6
"0002.jpg","0016.jpg",98,"rate_p","0p",6
"0116.jpg","0285.jpg",98,"rate_v","0v",6
"0094.jpg","0221.jpg",99,"rate_p","0p",6
"0104.jpg","0221.jpg",99,"rate_v","0v",6
"0002.jpg","0293.jpg",99,"rate_v","0v",6
"0104.jpg","0285.jpg",100,"rate_p","vp",6
"0145.jpg","0238.jpg",100,"rate_p","vp",6
"0221.jpg","0285.jpg",100,"rate_v","0v",6
"0022.jpg","0238.jpg",101,"rate_p","pp",6
"0116.jpg","0547.jpg",101,"rate_v","pv",6
"0334.jpg","0547.jpg",101,"rate_p","0p",6
"0145.jpg","0153.jpg",102,"rate_p","pp",6
"0022.jpg","0116.jpg",102,"rate_v","0v",6
"0116.jpg","0211.jpg",102,"rate_v","0v",6
"0221.jpg","0334.jpg",103,"rate_p","0p",7
"0104.jpg","0116.jpg",103,"rate_p","0p",7
"0232.jpg","0285.jpg",103,"rate_v","0v",7
"0145.jpg","0153.jpg",104,"rate_p","vp",7
"0104.jpg","0145.jpg",104,"rate_v","vv",7
"0002.jpg","0117.jpg",104,"rate_p","pp",7
"0002.jpg","0334.jpg",105,"rate_v","vv",7
"0016.jpg","0285.jpg",105,"rate_v","pv",7
"0016.jpg","0094.jpg",105,"rate_v","0v",7
"0022.jpg","0117.jpg",106,"rate_p","pp",7
"0117.jpg","0211.jpg",106,"rate_p","0p",7
"0153.jpg","0285.jpg",106,"rate_v","0v",7
"0002.jpg","0104.jpg",107,"rate_p","vp",7
"0153.jpg","0547.jpg",107,"rate_p","pp",7
"0145.jpg","0221.jpg",107,"rate_p","0p",7
"0117.jpg","0238.jpg",108,"rate_p","vp",7
"0221.jpg","0334.jpg",108,"rate_p","pp",7
"0238.jpg","0293.jpg",108,"rate_p","0p",7
"0117.jpg","0145.jpg",109,"rate_p","vp",7
"0211.jpg","0293.jpg",109,"rate_p","vp",7
"0002.jpg","0104.jpg",109,"rate_p","pp",7
"0022.jpg","0221.jpg",110,"rate_v","vv",7
"0285.jpg","0293.jpg",110,"rate_p","pp",7
"0022.jpg","0211.jpg",110,"rate_v","0v",7
"0117.jpg","0285.jpg",111,"rate_p","vp",7
"0116.jpg","0145.jpg",111,"rate_p","pp",7
"0211.jpg","0293.jpg",111,"rate_p","0p",7
"0094.jpg","0547.jpg",112,"rate_p","pp",7
"0153.jpg","0293.jpg",112,"rate_p","pp",7
"0116.jpg","0153.jpg",112,"rate_v","pv",7
"0153.jpg","0221.jpg",113,"rate_v","pp",7
"0145.jpg","0211.jpg",113,"rate_v","pv",7
"0016.jpg","0022.jpg",113,"rate_v","0v",7
"0002.jpg","0232.jpg",114,"rate_p","pp",7
"0104.jpg","0145.jpg",114,"rate_v","pv",7
"0094.jpg","0153.jpg",114,"rate_v","pv",7
"0094.jpg","0232.jpg",115,"rate_p","vp",7
"0145.jpg","0238.jpg",115,"rate_p","pp",7
"0238.jpg","0285.jpg",115,"rate_v","pv",7
"0015.jpg","0145.jpg",116,"rate_p","vp",7
"0016.jpg","0221.jpg",116,"rate_v","vv",7
"0211.jpg","0334.jpg",116,"rate_v","0v",7
"0002.jpg","0022.jpg",117,"rate_p","pp",7
"0285.jpg","0547.jpg",117,"rate_p","0p",7
"0153.jpg","0238.jpg",117,"rate_v","0v",7
"0002.jpg","0022.jpg",118,"rate_p","vp",7
"0002.jpg","0153.jpg",118,"rate_v","pv",7
"0022.jpg","0293.jpg",118,"rate_v","0v",7
"0211.jpg","0238.jpg",119,"rate_p","pp",7
"0094.jpg","0117.jpg",119,"rate_v","pv",7
"0221.jpg","0285.jpg",119,"rate_v","pv",7
"0116.jpg","0145.jpg",120,"rate_p","vp",8
"0022.jpg","0547.jpg",120,"rate_p","vp",8
"0116.jpg","0334.jpg",120,"rate_p","0p",8
"0285.jpg","0547.jpg",121,"rate_p","pp",8
"0153.jpg","0232.jpg",121,"rate_p","pp",8
"0104.jpg","0238.jpg",121,"rate_v","0v",8
"0104.jpg","0238.jpg",122,"rate_v","vv",8
"0094.jpg","0145.jpg",122,"rate_p","0p",8
"0016.jpg","0221.jpg",122,"rate_v","0v",8
"0016.jpg","0116.jpg",123,"rate_v","vv",8
"0211.jpg","0285.jpg",123,"rate_v","0v",8
"0153.jpg","0334.jpg",123,"rate_v","0v",8
"0022.jpg","0094.jpg",124,"rate_p","vp",8
"0022.jpg","0153.jpg",124,"rate_v","vv",8
"0145.jpg","0547.jpg",124,"rate_p","0p",8
"0145.jpg","0221.jpg",125,"rate_p","vp",8
"0002.jpg","0293.jpg",125,"rate_v","pv",8
"0015.jpg","0547.jpg",125,"rate_v","0v",8
"0238.jpg","0285.jpg",126,"rate_v","vv",8
"0104.jpg","0232.jpg",126,"rate_v","vv",8
"0334.jpg","0547.jpg",126,"rate_p","pp",8
"0285.jpg","0547.jpg",127,"rate_p","vp",8
"0015.jpg","0334.jpg",127,"rate_p","0p",8
"0116.jpg","0232.jpg",127,"rate_v","0v",8
"0116.jpg","0334.jpg",128,"rate_p","vp",8
"0015.jpg","0285.jpg",128,"rate_p","pp",8
"0221.jpg","0232.jpg",128,"rate_v","pv",8
"0145.jpg","0293.jpg",129,"rate_p","vp",8
"0022.jpg","0285.jpg",129,"rate_v","vv",8
"0015.jpg","0221.jpg",129,"rate_v","0v",8
"0094.jpg","0211.jpg",130,"rate_p","pp",8
"0117.jpg","0145.jpg",130,"rate_p","pp",8
"0104.jpg","0547.jpg",130,"rate_v","0v",8
"0015.jpg","0211.jpg",131,"rate_p","vp",8
"0015.jpg","0221.jpg",131,"rate_v","vv",8
"0002.jpg","0116.jpg",131,"rate_v","0v",8
"0221.jpg","0285.jpg",132,"rate_v","vv",8
"0145.jpg","0211.jpg",132,"rate_v","vv",8
"0116.jpg","0293.jpg",132,"rate_p","pp",8
"0221.jpg","0547.jpg",133,"rate_p","vp",8
"0002.jpg","0547.jpg",133,"rate_v","vv",8
"0022.jpg","0117.jpg",133,"rate_p","0p",8
"0002.jpg","0153.jpg",134,"rate_v","vv",8
"0002.jpg","0145.jpg",134,"rate_p","pp",8
"0002.jpg","0285.jpg",134,"rate_p","pp",8
"0022.jpg","0238.jpg",135,"rate_p","vp",8
"0002.jpg","0015.jpg",135,"rate_p","vp",8
"0002.jpg","0232.jpg",135,"rate_p","vp",8
"0285.jpg","0334.jpg",136,"rate_v","pv",8
"0015.jpg","0094.jpg",136,"rate_v","pv",8
"0285.jpg","0293.jpg",136,"rate_p","0p",8
"0094.jpg","0334.jpg",137,"rate_p","vp",9
"0117.jpg","0285.jpg",137,"rate_p","0p",9
"0094.jpg","0117.jpg",137,"rate_v","0v",9
"0016.jpg","0334.jpg",138,"rate_p","pp",9
"0022.jpg","0547.jpg",138,"rate_p","pp",9
"0094.jpg","0153.jpg",138,"rate_v","0v",9
"0016.jpg","0153.jpg",139,"rate_v","vv",9
"0002.jpg","0221.jpg",139,"rate_v","pv",9
"0016.jpg","0547.jpg",139,"rate_v","0v",9
"0022.jpg","0104.jpg",140,"rate_p","vp",9
"0117.jpg","0211.jpg",140,"rate_p","vp",9
"0094.jpg","0116.jpg",140,"rate_p","pp",9
"0016.jpg","0334.jpg",141,"rate_p","vp",9
"0022.jpg","0211.jpg",141,"rate_v","pv",9
"0016.jpg","0211.jpg",141,"rate_v","pv",9
"0293.jpg","0334.jpg",142,"rate_p","pp",9
"0117.jpg","0547.jpg",142,"rate_p","0p",9
"0015.jpg","0211.jpg",142,"rate_p","0p",9
"0094.jpg","0104.jpg",143,"rate_p","pp",9
"0022.jpg","0285.jpg",143,"rate_v","pv",9
"0104.jpg","0547.jpg",143,"rate_v","pv",9
"0116.jpg","0238.jpg",144,"rate_p","vp",9
"0232.jpg","0334.jpg",144,"rate_p","pp",9
"0016.jpg","0116.jpg",144,"rate_v","0v",9
"0016.jpg","0104.jpg",145,"rate_p","vp",9
"0238.jpg","0293.jpg",145,"rate_p","pp",9
"0221.jpg","0293.jpg",145,"rate_p","0p",9
"0285.jpg","0334.jpg",146,"rate_v","vv",9
"0015.jpg","0094.jpg",146,"rate_v","vv",9
"0116.jpg","0238.jpg",146,"rate_p","pp",9
"0015.jpg","0104.jpg",147,"rate_v","vv",9
"0094.jpg","0285.jpg",147,"rate_v","vv",9
"0015.jpg","0104.jpg",147,"rate_v","pv",9
"0015.jpg","0232.jpg",148,"rate_v","pv",9
"0153.jpg","0232.jpg",148,"rate_p","0p",9
"0211.jpg","0221.jpg",148,"rate_v","0v",9
"0145.jpg","0285.jpg",149,"rate_p","pp",9
"0094.jpg","0104.jpg",149,"rate_p","0p",9
"0153.jpg","0221.jpg",149,"rate_v","0p",9
"0117.jpg","0211.jpg",150,"rate_p","pp",9
"0117.jpg","0221.jpg",150,"rate_v","pv",9
"0015.jpg","0104.jpg",150,"rate_v","0v",9
"0002.jpg","0334.jpg",151,"rate_v","pv",9
"0016.jpg","0232.jpg",151,"rate_v","0v",9
"0002.jpg","0153.jpg",151,"rate_v","0v",9
"0016.jpg","0238.jpg",152,"rate_v","vv",9
"0104.jpg","0211.jpg",152,"rate_v","vv",9
"0104.jpg","0221.jpg",152,"rate_v","pv",9
"0002.jpg","0094.jpg",153,"rate_p","vp",9
"0022.jpg","0334.jpg",153,"rate_p","0p",9
"0022.jpg","0285.jpg",153,"rate_v","0v",9
